configuration,task_id,repeat,gold_answer,model_answer,schema_valid,finish_reason
baseline,mai-c00-arithmetic-L3,2,284,398,True,completed
baseline,mai-c00-constrained_choice-L2,1,73,58,True,completed
baseline,mai-c00-constrained_choice-L2,2,73,50,True,completed
baseline,mai-c00-constrained_choice-L3,1,97,83,True,completed
baseline,mai-c00-constrained_choice-L3,2,97,74,True,completed
baseline,mai-c00-state_trace-L1,1,-33,-48,True,completed
baseline,mai-c00-state_trace-L1,2,-33,-48,True,completed
baseline,mai-c00-state_trace-L2,1,-29,-126,True,completed
baseline,mai-c00-state_trace-L2,2,-29,90,True,completed
baseline,mai-c00-state_trace-L3,1,-37,-201,True,completed
baseline,mai-c00-state_trace-L3,2,-37,192,True,completed
baseline,mai-c01-arithmetic-L3,2,-252,-217,True,completed
baseline,mai-c01-constrained_choice-L2,1,85,56,True,completed
baseline,mai-c01-constrained_choice-L3,1,117,69,True,completed
baseline,mai-c01-constrained_choice-L3,2,117,84,True,completed
baseline,mai-c01-state_trace-L2,1,58,-28,True,completed
baseline,mai-c01-state_trace-L2,2,58,-51,True,completed
baseline,mai-c01-state_trace-L3,1,50,65,True,completed
baseline,mai-c01-state_trace-L3,2,50,19,True,completed
baseline,mai-c02-arithmetic-L3,1,-278,-252,True,completed
baseline,mai-c02-constrained_choice-L2,1,71,48,True,completed
baseline,mai-c02-constrained_choice-L2,2,71,50,True,completed
baseline,mai-c02-constrained_choice-L3,1,103,95,True,completed
baseline,mai-c02-constrained_choice-L3,2,103,79,True,completed
baseline,mai-c02-state_trace-L3,1,-97,-15,True,completed
baseline,mai-c02-state_trace-L3,2,-97,182,True,completed
baseline,mai-c03-arithmetic-L2,2,-13,-37,True,completed
baseline,mai-c03-arithmetic-L3,1,788,782,True,completed
baseline,mai-c03-arithmetic-L3,2,788,1080,True,completed
baseline,mai-c03-constrained_choice-L3,1,119,82,True,completed
baseline,mai-c03-constrained_choice-L3,2,119,101,True,completed
baseline,mai-c03-state_trace-L1,2,40,34,True,completed
baseline,mai-c03-state_trace-L2,1,29,134,True,completed
baseline,mai-c03-state_trace-L2,2,29,106,True,completed
baseline,mai-c03-state_trace-L3,1,-104,-111,True,completed
baseline,mai-c03-state_trace-L3,2,-104,-66,True,completed
baseline,mai-c04-arithmetic-L2,2,182,329,True,completed
baseline,mai-c04-constrained_choice-L2,1,54,67,True,completed
baseline,mai-c04-constrained_choice-L3,1,133,70,True,completed
baseline,mai-c04-constrained_choice-L3,2,133,70,True,completed
baseline,mai-c04-state_trace-L3,1,-37,-39,True,completed
baseline,mai-c04-state_trace-L3,2,-37,22,True,completed
baseline,mai-c05-arithmetic-L3,2,116,84,True,completed
baseline,mai-c05-constrained_choice-L2,1,59,55,True,completed
baseline,mai-c05-constrained_choice-L2,2,59,41,True,completed
baseline,mai-c05-constrained_choice-L3,1,101,82,True,completed
baseline,mai-c05-constrained_choice-L3,2,101,87,True,completed
baseline,mai-c05-state_trace-L2,1,-70,23,True,completed
baseline,mai-c05-state_trace-L2,2,-70,65,True,completed
baseline,mai-c05-state_trace-L3,1,0,6,True,completed
baseline,mai-c05-state_trace-L3,2,0,13,True,completed
baseline,mai-c06-arithmetic-L3,1,700,568,True,completed
baseline,mai-c06-constrained_choice-L2,1,71,59,True,completed
baseline,mai-c06-constrained_choice-L3,1,122,94,True,completed
baseline,mai-c06-constrained_choice-L3,2,122,119,True,completed
baseline,mai-c06-ordered_rules-L3,1,5,3,True,completed
baseline,mai-c06-state_trace-L2,1,30,51,True,completed
baseline,mai-c06-state_trace-L3,1,-85,27,True,completed
baseline,mai-c06-state_trace-L3,2,-85,106,True,completed
baseline,mai-c07-arithmetic-L3,2,84,371,True,completed
baseline,mai-c07-constrained_choice-L2,1,75,58,True,completed
baseline,mai-c07-constrained_choice-L2,2,75,58,True,completed
baseline,mai-c07-constrained_choice-L3,1,130,103,True,completed
baseline,mai-c07-constrained_choice-L3,2,130,107,True,completed
baseline,mai-c07-ordered_rules-L2,1,8,0,True,completed
baseline,mai-c07-state_trace-L2,1,60,33,True,completed
baseline,mai-c07-state_trace-L3,1,-37,34,True,completed
baseline,mai-c07-state_trace-L3,2,-37,-64,True,completed
baseline,mai-c08-arithmetic-L2,2,243,361,True,completed
baseline,mai-c08-constrained_choice-L2,2,65,58,True,completed
baseline,mai-c08-constrained_choice-L3,1,95,89,True,completed
baseline,mai-c08-ordered_rules-L3,1,11,7,True,completed
baseline,mai-c08-ordered_rules-L3,2,11,0,True,completed
baseline,mai-c08-state_trace-L2,1,13,131,True,completed
baseline,mai-c08-state_trace-L2,2,13,82,True,completed
baseline,mai-c08-state_trace-L3,1,-9,-122,True,completed
baseline,mai-c08-state_trace-L3,2,-9,-25,True,completed
baseline,mai-c09-constrained_choice-L3,1,97,71,True,completed
baseline,mai-c09-constrained_choice-L3,2,97,80,True,completed
baseline,mai-c09-state_trace-L1,1,-36,9,True,completed
baseline,mai-c09-state_trace-L2,1,102,142,True,completed
baseline,mai-c09-state_trace-L3,1,-8,-121,True,completed
baseline,mai-c09-state_trace-L3,2,-8,-203,True,completed
baseline,mai-c10-arithmetic-L2,2,108,198,True,completed
baseline,mai-c10-arithmetic-L3,2,2219,1612,True,completed
baseline,mai-c10-constrained_choice-L2,1,113,83,True,completed
baseline,mai-c10-constrained_choice-L2,2,113,60,True,completed
baseline,mai-c10-constrained_choice-L3,1,104,75,True,completed
baseline,mai-c10-constrained_choice-L3,2,104,85,True,completed
baseline,mai-c10-ordered_rules-L3,2,5,0,True,completed
baseline,mai-c10-state_trace-L2,1,95,-11,True,completed
baseline,mai-c10-state_trace-L2,2,95,179,True,completed
baseline,mai-c10-state_trace-L3,1,-56,44,True,completed
baseline,mai-c10-state_trace-L3,2,-56,86,True,completed
baseline,mai-c11-arithmetic-L3,1,252,452,True,completed
baseline,mai-c11-constrained_choice-L2,1,61,49,True,completed
baseline,mai-c11-constrained_choice-L2,2,61,57,True,completed
baseline,mai-c11-constrained_choice-L3,1,121,87,True,completed
baseline,mai-c11-constrained_choice-L3,2,121,105,True,completed
baseline,mai-c11-state_trace-L2,1,-98,43,True,completed
baseline,mai-c11-state_trace-L2,2,-98,24,True,completed
baseline,mai-c11-state_trace-L3,1,84,2,True,completed
baseline,mai-c11-state_trace-L3,2,84,-117,True,completed
lite,mai-c03-constrained_choice-L3,1,119,113,True,STOP
lite,mai-c03-constrained_choice-L3,2,119,113,True,STOP
lite,mai-c07-constrained_choice-L3,1,130,127,True,STOP
lite,mai-c11-constrained_choice-L3,2,121,119,True,STOP
lite,mai-c11-state_trace-L3,2,84,39,True,STOP
luna,mai-c03-constrained_choice-L3,2,119,128,True,completed
luna,mai-c04-constrained_choice-L3,2,133,119,True,completed
luna,mai-c07-constrained_choice-L3,2,130,127,True,completed
luna,mai-c10-constrained_choice-L2,1,113,112,True,completed
luna,mai-c11-constrained_choice-L1,1,30,39,True,completed
luna,mai-c11-constrained_choice-L1,2,30,39,True,completed
qwen_local,mai-c02-constrained_choice-L3,2,103,102,True,stop
qwen_local,mai-c03-constrained_choice-L3,1,119,113,True,stop
qwen_local,mai-c03-constrained_choice-L3,2,119,114,True,stop
qwen_local,mai-c05-constrained_choice-L2,1,59,55,True,stop
qwen_local,mai-c06-constrained_choice-L3,2,122,105,True,stop
qwen_local,mai-c07-constrained_choice-L1,2,46,46,False,stop
qwen_local,mai-c10-constrained_choice-L3,2,104,96,True,stop
sonnet,mai-c04-arithmetic-L1,2,177,177,False,end_turn
sonnet,mai-c04-arithmetic-L3,1,385,0,False,end_turn
sonnet,mai-c05-arithmetic-L1,2,185,185,False,end_turn
sonnet,mai-c08-constrained_choice-L3,1,95,,False,max_tokens
sonnet,mai-c08-constrained_choice-L3,2,95,90,True,end_turn
sonnet,mai-c10-arithmetic-L1,2,83,83,False,end_turn
