sample,first,second,tasks,accuracy_delta,delta_lo,delta_hi
full_288,baseline,opus,144,0.3576388888888889,0.3194444444444444,0.3958333333333333
full_288,baseline,pro,144,0.3576388888888889,0.3194444444444444,0.3958333333333333
full_288,baseline,astra,144,0.3576388888888889,0.3194444444444444,0.3958333333333333
full_288,baseline,sonnet,144,0.3368055555555556,0.2916666666666667,0.3819444444444444
full_288,baseline,lite,144,0.3402777777777778,0.2986111111111111,0.3785590277777773
full_288,baseline,luna,144,0.3368055555555556,0.2951388888888889,0.3784722222222222
full_288,baseline,qwen_local,144,0.3333333333333333,0.2916666666666667,0.375
full_288,opus,pro,144,0.0,0.0,0.0
full_288,opus,astra,144,0.0,0.0,0.0
full_288,opus,sonnet,144,-0.020833333333333332,-0.041666666666666664,-0.006944444444444444
full_288,opus,lite,144,-0.017361111111111112,-0.034722222222222224,-0.003472222222222222
full_288,opus,luna,144,-0.020833333333333332,-0.041666666666666664,-0.003472222222222222
full_288,opus,qwen_local,144,-0.024305555555555556,-0.041666666666666664,-0.006944444444444444
full_288,pro,astra,144,0.0,0.0,0.0
full_288,pro,sonnet,144,-0.020833333333333332,-0.041666666666666664,-0.006944444444444444
full_288,pro,lite,144,-0.017361111111111112,-0.034722222222222224,-0.003472222222222222
full_288,pro,luna,144,-0.020833333333333332,-0.041666666666666664,-0.003472222222222222
full_288,pro,qwen_local,144,-0.024305555555555556,-0.041666666666666664,-0.006944444444444444
full_288,astra,sonnet,144,-0.020833333333333332,-0.041666666666666664,-0.006944444444444444
full_288,astra,lite,144,-0.017361111111111112,-0.034722222222222224,-0.003472222222222222
full_288,astra,luna,144,-0.020833333333333332,-0.041666666666666664,-0.003472222222222222
full_288,astra,qwen_local,144,-0.024305555555555556,-0.041666666666666664,-0.006944444444444444
full_288,sonnet,lite,144,0.003472222222222222,-0.020833333333333332,0.027777777777777776
full_288,sonnet,luna,144,0.0,-0.027777777777777776,0.027777777777777776
full_288,sonnet,qwen_local,144,-0.003472222222222222,-0.027777777777777776,0.024305555555555556
full_288,lite,luna,144,-0.003472222222222222,-0.024305555555555556,0.013888888888888888
full_288,lite,qwen_local,144,-0.006944444444444444,-0.024305555555555556,0.010503472222221748
full_288,luna,qwen_local,144,-0.003472222222222222,-0.027777777777777776,0.024305555555555556
first_repeat_144,baseline,opus,144,0.3611111111111111,0.3194444444444444,0.4027777777777778
first_repeat_144,baseline,pro,144,0.3611111111111111,0.3194444444444444,0.4027777777777778
first_repeat_144,baseline,astra,144,0.3611111111111111,0.3194444444444444,0.4027777777777778
first_repeat_144,baseline,sonnet,144,0.3472222222222222,0.2986111111111111,0.3958333333333333
first_repeat_144,baseline,lite,144,0.3472222222222222,0.2986111111111111,0.3958333333333333
first_repeat_144,baseline,luna,144,0.3472222222222222,0.2986111111111111,0.3958333333333333
first_repeat_144,baseline,qwen_local,144,0.3472222222222222,0.2986111111111111,0.3958333333333333
first_repeat_144,opus,pro,144,0.0,0.0,0.0
first_repeat_144,opus,astra,144,0.0,0.0,0.0
first_repeat_144,opus,sonnet,144,-0.013888888888888888,-0.034722222222222224,0.0
first_repeat_144,opus,lite,144,-0.013888888888888888,-0.034722222222222224,0.0
first_repeat_144,opus,luna,144,-0.013888888888888888,-0.034722222222222224,0.0
first_repeat_144,opus,qwen_local,144,-0.013888888888888888,-0.034722222222222224,0.0
first_repeat_144,pro,astra,144,0.0,0.0,0.0
first_repeat_144,pro,sonnet,144,-0.013888888888888888,-0.034722222222222224,0.0
first_repeat_144,pro,lite,144,-0.013888888888888888,-0.034722222222222224,0.0
first_repeat_144,pro,luna,144,-0.013888888888888888,-0.034722222222222224,0.0
first_repeat_144,pro,qwen_local,144,-0.013888888888888888,-0.034722222222222224,0.0
first_repeat_144,astra,sonnet,144,-0.013888888888888888,-0.034722222222222224,0.0
first_repeat_144,astra,lite,144,-0.013888888888888888,-0.034722222222222224,0.0
first_repeat_144,astra,luna,144,-0.013888888888888888,-0.034722222222222224,0.0
first_repeat_144,astra,qwen_local,144,-0.013888888888888888,-0.034722222222222224,0.0
first_repeat_144,sonnet,lite,144,0.0,-0.027777777777777776,0.027777777777777776
first_repeat_144,sonnet,luna,144,0.0,-0.027777777777777776,0.027777777777777776
first_repeat_144,sonnet,qwen_local,144,0.0,-0.027777777777777776,0.027777777777777776
first_repeat_144,lite,luna,144,0.0,-0.027777777777777776,0.027777777777777776
first_repeat_144,lite,qwen_local,144,0.0,-0.020833333333333332,0.020833333333333332
first_repeat_144,luna,qwen_local,144,0.0,-0.027777777777777776,0.027777777777777776
